Wall time,Step,Value
1652090301.594177,0,0.0
1652091042.726565,1,61.20000076293945
1652091777.2494762,2,72.83999633789062
1652092462.604649,3,73.0199966430664
1652093163.060754,4,82.54000091552734
1652093839.5923967,5,82.87999725341797
1652094501.8720286,6,83.66000366210938
1652095177.3782282,7,83.87999725341797
1652095851.6062407,8,83.86000061035156
1652096518.4646173,9,83.83999633789062
1652097191.9662433,10,83.87999725341797
1652097854.8301926,11,83.86000061035156
1652098518.1038344,12,84.0199966430664
1652099293.8345494,13,84.08000183105469
1652100043.9507291,14,84.12000274658203
1652100716.7697952,15,83.9000015258789
1652101379.00587,16,83.77999877929688
1652102034.6025815,17,83.81999969482422
1652102740.6740415,18,83.9800033569336
1652103447.002283,19,83.63999938964844
1652104117.7829847,20,84.0999984741211
1652104775.3792865,21,83.77999877929688
1652105429.064975,22,84.0199966430664
1652106107.1614249,23,83.94000244140625
